2a69d46ae7_9slide03-montserrat-bold-20230918140804-iggbr.ttf	https://w.ladicdn.com/5eda6c604ca19469618d2934/9slide03-montserrat-bold-20230918140804-iggbr.ttf
a00b38a3d6_helveticaneue-condensedblack-20211030035702.otf	https://w.ladicdn.com/5eda6c604ca19469618d2934/helveticaneue-condensedblack-20211030035702.otf
5c9c84c384_youtube.svg	https://w.ladicdn.com/ladiui/icons/social/youtube.svg
7f139c3299_banner-dang-ky-trang-chu-20240130131932--bqya.jpg	https://w.ladicdn.com/s1100x600/5eda6c604ca19469618d2934/banner-dang-ky-trang-chu-20240130131932--bqya.jpg
0c3cb46d61_nen-4-20240123043136-tvymc.jpg	https://w.ladicdn.com/s1100x850/5eda6c604ca19469618d2934/nen-4-20240123043136-tvymc.jpg
62db8a1d76_nhan-vat-20240121101102-hwmli.png	https://w.ladicdn.com/s1250x850/5eda6c604ca19469618d2934/nhan-vat-20240121101102-hwmli.png
0ac4689441_nen-3-20240122043900-p_c3z.jpg	https://w.ladicdn.com/s1440x1055/5eda6c604ca19469618d2934/nen-3-20240122043900-p_c3z.jpg
2c141096ed_nen-4-20240123043136-tvymc.jpg	https://w.ladicdn.com/s1440x1283/5eda6c604ca19469618d2934/nen-4-20240123043136-tvymc.jpg
ed91baa136_nen-2-20240122032827-og_ue.jpg	https://w.ladicdn.com/s1440x1388/5eda6c604ca19469618d2934/nen-2-20240122032827-og_ue.jpg
c8dcf44999_banner-1-20240122030722-ehbby.jpg	https://w.ladicdn.com/s1440x686/5eda6c604ca19469618d2934/banner-1-20240122030722-ehbby.jpg
872a900ac9_layer-0-20240130142522-ijxta.jpg	https://w.ladicdn.com/s1440x951/5eda6c604ca19469618d2934/layer-0-20240130142522-ijxta.jpg
bb6414e69a_layer-0-20240123041449-okohj.jpg	https://w.ladicdn.com/s1550x1000/5eda6c604ca19469618d2934/layer-0-20240123041449-okohj.jpg
e87d53b221_nt-futuristic-technology-background-20240122060621-z2an6.jpg	https://w.ladicdn.com/s1550x1050/5eda6c604ca19469618d2934/blue-gradient-futuristic-technology-background-20240122060621-z2an6.jpg
90cb792c4b_layer-5-20240130130958-reb2r.jpg	https://w.ladicdn.com/s1550x400/5eda6c604ca19469618d2934/layer-5-20240130130958-reb2r.jpg
f17624622c_layer-0-20240123041449-okohj.jpg	https://w.ladicdn.com/s1550x650/5eda6c604ca19469618d2934/layer-0-20240123041449-okohj.jpg
0b34158356_layer-0-20240123041449-okohj.jpg	https://w.ladicdn.com/s1550x800/5eda6c604ca19469618d2934/layer-0-20240123041449-okohj.jpg
5aa7759d68_nt-futuristic-technology-background-20240122060621-z2an6.jpg	https://w.ladicdn.com/s1550x850/5eda6c604ca19469618d2934/blue-gradient-futuristic-technology-background-20240122060621-z2an6.jpg
778cb9c172_nt-futuristic-technology-background-20240122060621-z2an6.jpg	https://w.ladicdn.com/s1550x900/5eda6c604ca19469618d2934/blue-gradient-futuristic-technology-background-20240122060621-z2an6.jpg
6da5f585d0_layer-0-20240123041449-okohj.jpg	https://w.ladicdn.com/s1550x950/5eda6c604ca19469618d2934/layer-0-20240123041449-okohj.jpg
64ecb4e22b_layer-5-20240121062046-vmp-n.png	https://w.ladicdn.com/s1700x950/5eda6c604ca19469618d2934/layer-5-20240121062046-vmp-n.png
0f9446103f_agreement-20240122051505-42ink.png	https://w.ladicdn.com/s350x350/5eda6c604ca19469618d2934/agreement-20240122051505-42ink.png
39858e6c42_architecture-20240122051506-rsoci.png	https://w.ladicdn.com/s350x350/5eda6c604ca19469618d2934/architecture-20240122051506-rsoci.png
dc1e402941_ball-20240122054913-zgyqc.png	https://w.ladicdn.com/s350x350/5eda6c604ca19469618d2934/ball-20240122054913-zgyqc.png
198481638c_bath-20240123043950-c1ug3.png	https://w.ladicdn.com/s350x350/5eda6c604ca19469618d2934/bath-20240123043950-c1ug3.png
6a7ec900db_beam-20240123043953-tt8gq.png	https://w.ladicdn.com/s350x350/5eda6c604ca19469618d2934/beam-20240123043953-tt8gq.png
0449004d45_check-copy-20230531125514-8z4jc.png	https://w.ladicdn.com/s350x350/5eda6c604ca19469618d2934/check-copy-20230531125514-8z4jc.png
94a2a5c2bd_checklist-20240122045012-nmsfj.png	https://w.ladicdn.com/s350x350/5eda6c604ca19469618d2934/checklist-20240122045012-nmsfj.png
4b02c12ef4_door-20240123043949-8viqr.png	https://w.ladicdn.com/s350x350/5eda6c604ca19469618d2934/door-20240123043949-8viqr.png
e56b01eed8_expertise-20240122052941-hlo2q.png	https://w.ladicdn.com/s350x350/5eda6c604ca19469618d2934/expertise-20240122052941-hlo2q.png
349dc98828_gears-20240122052642-z-qym.png	https://w.ladicdn.com/s350x350/5eda6c604ca19469618d2934/gears-20240122052642-z-qym.png
2c02843dea_guarantee-20240131132549-e8ah5.png	https://w.ladicdn.com/s350x350/5eda6c604ca19469618d2934/guarantee-20240131132549-e8ah5.png
d0483b2ea2_house-1-20240123044330-p1swl.png	https://w.ladicdn.com/s350x350/5eda6c604ca19469618d2934/house-1-20240123044330-p1swl.png
c3fe1adc6b_house-20240122052531-1frmy.png	https://w.ladicdn.com/s350x350/5eda6c604ca19469618d2934/house-20240122052531-1frmy.png
0bcd87cbc3_man-20240122052530-xala6.png	https://w.ladicdn.com/s350x350/5eda6c604ca19469618d2934/man-20240122052530-xala6.png
9ea9fc0a59_paint-roller-20240123043948-nahke.png	https://w.ladicdn.com/s350x350/5eda6c604ca19469618d2934/paint-roller-20240123043948-nahke.png
f8f18c462c_processing-20240122063027-rtvfl.png	https://w.ladicdn.com/s350x350/5eda6c604ca19469618d2934/processing-20240122063027-rtvfl.png
9161cee562_rating-20240123044329-wfsr8.png	https://w.ladicdn.com/s350x350/5eda6c604ca19469618d2934/rating-20240123044329-wfsr8.png
46f58ec3a5_rating-stars-20240123044332-ivdeu.png	https://w.ladicdn.com/s350x350/5eda6c604ca19469618d2934/rating-stars-20240123044332-ivdeu.png
fef39019fb_search-20240122051504-kgdoe.png	https://w.ladicdn.com/s350x350/5eda6c604ca19469618d2934/search-20240122051504-kgdoe.png
a4f5c93c56_wire-20240123043952-nlzit.png	https://w.ladicdn.com/s350x350/5eda6c604ca19469618d2934/wire-20240123043952-nlzit.png
1414f10bd9_worker-20240123044331-tiqlh.png	https://w.ladicdn.com/s350x350/5eda6c604ca19469618d2934/worker-20240123044331-tiqlh.png
a0648aaa39_19595a9-04c5-4464-8516-e8c4018ab60b-20240121061944-f0axf.png	https://w.ladicdn.com/s400x400/5eda6c604ca19469618d2934/019595a9-04c5-4464-8516-e8c4018ab60b-20240121061944-f0axf.png
92c925b5f6_ball-20240122054913-zgyqc.png	https://w.ladicdn.com/s400x400/5eda6c604ca19469618d2934/ball-20240122054913-zgyqc.png
f1edc4686b_gears-20240122052642-z-qym.png	https://w.ladicdn.com/s400x400/5eda6c604ca19469618d2934/gears-20240122052642-z-qym.png
483523e4fe_guarantee-20240131132549-e8ah5.png	https://w.ladicdn.com/s400x400/5eda6c604ca19469618d2934/guarantee-20240131132549-e8ah5.png
f43b50f93c_house-20240122052531-1frmy.png	https://w.ladicdn.com/s400x400/5eda6c604ca19469618d2934/house-20240122052531-1frmy.png
d7bee9fd46_man-20240122052530-xala6.png	https://w.ladicdn.com/s400x400/5eda6c604ca19469618d2934/man-20240122052530-xala6.png
68ffc902fd_banner-1-20240122013017-d_q2x.jpg	https://w.ladicdn.com/s450x350/5eda6c604ca19469618d2934/banner-1-20240122013017-d_q2x.jpg
1b865bfb5c_cropped-vinaduy-a-20240121102023-ityzz.png	https://w.ladicdn.com/s450x350/5eda6c604ca19469618d2934/rbg/cropped-vinaduy-a-20240121102023-ityzz.png
04903cdbc9_anh-1-20240123050009-rrfeb.png	https://w.ladicdn.com/s450x400/5eda6c604ca19469618d2934/anh-1-20240123050009-rrfeb.png
bd9b8dd242_anh-2-20240123050010-qav9v.png	https://w.ladicdn.com/s450x400/5eda6c604ca19469618d2934/anh-2-20240123050010-qav9v.png
c0ea62dd8f_anh-3-20240123050010-or8ch.png	https://w.ladicdn.com/s450x400/5eda6c604ca19469618d2934/anh-3-20240123050010-or8ch.png
30bffa518a_layer-5-20240121062046-vmp-n.png	https://w.ladicdn.com/s450x400/5eda6c604ca19469618d2934/layer-5-20240121062046-vmp-n.png
366b6121a9_19595a9-04c5-4464-8516-e8c4018ab60b-20240121061944-f0axf.png	https://w.ladicdn.com/s450x450/5eda6c604ca19469618d2934/019595a9-04c5-4464-8516-e8c4018ab60b-20240121061944-f0axf.png
22faedf95a_ball-20240122054913-zgyqc.png	https://w.ladicdn.com/s450x450/5eda6c604ca19469618d2934/ball-20240122054913-zgyqc.png
0b96dfb9da_group-1-20240121051125-adh2v.png	https://w.ladicdn.com/s450x450/5eda6c604ca19469618d2934/group-1-20240121051125-adh2v.png
efc32404c4_group-2-20240121051125-fpj61.png	https://w.ladicdn.com/s450x450/5eda6c604ca19469618d2934/group-2-20240121051125-fpj61.png
1e0cf2621a_group-3-20240121051125-e4jgt.png	https://w.ladicdn.com/s450x450/5eda6c604ca19469618d2934/group-3-20240121051125-e4jgt.png
0a2ac000a2_cropped-vinaduy-a-20240121102023-ityzz.png	https://w.ladicdn.com/s500x350/5eda6c604ca19469618d2934/rbg/cropped-vinaduy-a-20240121102023-ityzz.png
e8c5e83c23_layer-6-20240130132952-pwhss.png	https://w.ladicdn.com/s500x550/5eda6c604ca19469618d2934/layer-6-20240130132952-pwhss.png
b9a19e1929_xay-dung-vinaduy-8-768x1024-1-20240122074618-6tmgr.jpg	https://w.ladicdn.com/s500x550/5eda6c604ca19469618d2934/xay-dung-vinaduy-8-768x1024-1-20240122074618-6tmgr.jpg
e8cd565cc1_layer-5-20240121062046-vmp-n.png	https://w.ladicdn.com/s550x400/5eda6c604ca19469618d2934/layer-5-20240121062046-vmp-n.png
98977ece0c_cropped-vinaduy-a-20240121102023-ityzz.png	https://w.ladicdn.com/s550x400/5eda6c604ca19469618d2934/rbg/cropped-vinaduy-a-20240121102023-ityzz.png
200d21dc0d_group-1-20240121051125-adh2v.png	https://w.ladicdn.com/s550x550/5eda6c604ca19469618d2934/group-1-20240121051125-adh2v.png
9bc0ceeaf5_group-2-20240121051125-fpj61.png	https://w.ladicdn.com/s550x550/5eda6c604ca19469618d2934/group-2-20240121051125-fpj61.png
fb3c09cb95_group-3-20240121051125-e4jgt.png	https://w.ladicdn.com/s550x550/5eda6c604ca19469618d2934/group-3-20240121051125-e4jgt.png
d0a7cc85c5_layer-6-20240130132952-pwhss.png	https://w.ladicdn.com/s550x550/5eda6c604ca19469618d2934/layer-6-20240130132952-pwhss.png
ba0e491d5e_xay-dung-vinaduy-8-768x1024-1-20240122074618-6tmgr.jpg	https://w.ladicdn.com/s550x600/5eda6c604ca19469618d2934/xay-dung-vinaduy-8-768x1024-1-20240122074618-6tmgr.jpg
27e850c806_ball-20240122054913-zgyqc.png	https://w.ladicdn.com/s600x600/5eda6c604ca19469618d2934/ball-20240122054913-zgyqc.png
33db4958be_nen-4-20240123043136-tvymc.jpg	https://w.ladicdn.com/s700x1250/5eda6c604ca19469618d2934/nen-4-20240123043136-tvymc.jpg
e81cc1cadc_truong-phong-vinaduy-1024x548-20240122074632-ddj_3.jpg	https://w.ladicdn.com/s700x500/5eda6c604ca19469618d2934/truong-phong-vinaduy-1024x548-20240122074632-ddj_3.jpg
5ef81cd622_vianduy-van-phong-lam-viec-1024x553-20240122074631-ppty5.jpg	https://w.ladicdn.com/s700x500/5eda6c604ca19469618d2934/vianduy-van-phong-lam-viec-1024x553-20240122074631-ppty5.jpg
837227caef_og3cntndsb20240125043307.jpg	https://w.ladicdn.com/s700x850/5eda6c604ca19469618d2934/og3cntndsb20240125043307.jpg
49b7abc808_42_ee9c87de8b03fddf7430e0d0c9fb2ab7-20240123040108-phcvf.jpg	https://w.ladicdn.com/s700x850/5eda6c604ca19469618d2934/z4721236340442_ee9c87de8b03fddf7430e0d0c9fb2ab7-20240123040108-phcvf.jpg
e298da33fe_25_f01825b72057461ecac2cc75afe4077b-20240123040017-ru4lg.jpg	https://w.ladicdn.com/s700x850/5eda6c604ca19469618d2934/z4721272143125_f01825b72057461ecac2cc75afe4077b-20240123040017-ru4lg.jpg
5e98ab61cf_46_d1ba52c851fb6257159cf6088826ad08-20240123040017-nzjxq.jpg	https://w.ladicdn.com/s700x850/5eda6c604ca19469618d2934/z4721314420546_d1ba52c851fb6257159cf6088826ad08-20240123040017-nzjxq.jpg
c9b8f5d5f2_13_b9c01a3f1526f590487e9651393ca4e3-20240123040017-fb8w1.jpg	https://w.ladicdn.com/s700x850/5eda6c604ca19469618d2934/z4724179809213_b9c01a3f1526f590487e9651393ca4e3-20240123040017-fb8w1.jpg
bccfb37ce7__9b7a2240edf7d02f88a0246af32377e8-1-20240123040017-gpehm.jpg	https://w.ladicdn.com/s700x850/5eda6c604ca19469618d2934/z4724195346837_9b7a2240edf7d02f88a0246af32377e8-1-20240123040017-gpehm.jpg
0bd0a5f8fd_56_619a9d04e848b3f384de6234ff7a1238-20240123040017-amd23.jpg	https://w.ladicdn.com/s700x850/5eda6c604ca19469618d2934/z4754696749556_619a9d04e848b3f384de6234ff7a1238-20240123040017-amd23.jpg
356267c749_50_29abce984f2a815447a58741dfbb0547-20240123040013-thy-q.jpg	https://w.ladicdn.com/s700x850/5eda6c604ca19469618d2934/z4754700728550_29abce984f2a815447a58741dfbb0547-20240123040013-thy-q.jpg
436e961b86_42_e743d254dbe691cbfd517cb017247b8c-20240123040013-txfmp.jpg	https://w.ladicdn.com/s700x850/5eda6c604ca19469618d2934/z4754709423142_e743d254dbe691cbfd517cb017247b8c-20240123040013-txfmp.jpg
07600ced1f_layer-0-20240123041449-okohj.jpg	https://w.ladicdn.com/s750x1000/5eda6c604ca19469618d2934/layer-0-20240123041449-okohj.jpg
0f08bdc023_nt-futuristic-technology-background-20240122060621-z2an6.jpg	https://w.ladicdn.com/s750x1100/5eda6c604ca19469618d2934/blue-gradient-futuristic-technology-background-20240122060621-z2an6.jpg
41d96571f0_layer-0-20240123041449-okohj.jpg	https://w.ladicdn.com/s750x1200/5eda6c604ca19469618d2934/layer-0-20240123041449-okohj.jpg
1621ead60b_nt-futuristic-technology-background-20240122060621-z2an6.jpg	https://w.ladicdn.com/s750x1250/5eda6c604ca19469618d2934/blue-gradient-futuristic-technology-background-20240122060621-z2an6.jpg
1ec04ebc2b_layer-0-20240123041449-okohj.jpg	https://w.ladicdn.com/s750x1250/5eda6c604ca19469618d2934/layer-0-20240123041449-okohj.jpg
bbc56e085d_layer-0-20240123041449-okohj.jpg	https://w.ladicdn.com/s750x2300/5eda6c604ca19469618d2934/layer-0-20240123041449-okohj.jpg
495443d7c3_layer-0-20240123041449-okohj.jpg	https://w.ladicdn.com/s750x2350/5eda6c604ca19469618d2934/layer-0-20240123041449-okohj.jpg
9c5fba2696_layer-5-20240130130958-reb2r.jpg	https://w.ladicdn.com/s750x400/5eda6c604ca19469618d2934/layer-5-20240130130958-reb2r.jpg
f56c4f4ed4_layer-5-20240121062046-vmp-n.png	https://w.ladicdn.com/s750x500/5eda6c604ca19469618d2934/layer-5-20240121062046-vmp-n.png
40e3cdc7cb_anh-1-20240123050009-rrfeb.png	https://w.ladicdn.com/s750x550/5eda6c604ca19469618d2934/anh-1-20240123050009-rrfeb.png
7a5be42ecc_anh-2-20240123050010-qav9v.png	https://w.ladicdn.com/s750x550/5eda6c604ca19469618d2934/anh-2-20240123050010-qav9v.png
b3b7efa2ad_anh-3-20240123050010-or8ch.png	https://w.ladicdn.com/s750x550/5eda6c604ca19469618d2934/anh-3-20240123050010-or8ch.png
12cc43899b_nen-4-20240123043136-tvymc.jpg	https://w.ladicdn.com/s750x600/5eda6c604ca19469618d2934/nen-4-20240123043136-tvymc.jpg
07e9ec5458_nhan-vat-20240121101102-hwmli.png	https://w.ladicdn.com/s750x600/5eda6c604ca19469618d2934/nhan-vat-20240121101102-hwmli.png
05645aaba5_nen-4-20240123043136-tvymc.jpg	https://w.ladicdn.com/s768x1143/5eda6c604ca19469618d2934/nen-4-20240123043136-tvymc.jpg
d3e93d1a65_nen-2-20240122032827-og_ue.jpg	https://w.ladicdn.com/s768x1505/5eda6c604ca19469618d2934/nen-2-20240122032827-og_ue.jpg
ceac65ee5a_layer-0-20240130142522-ijxta.jpg	https://w.ladicdn.com/s768x1938/5eda6c604ca19469618d2934/layer-0-20240130142522-ijxta.jpg
219f5c52df_nen-3-20240122043900-p_c3z.jpg	https://w.ladicdn.com/s768x574/5eda6c604ca19469618d2934/nen-3-20240122043900-p_c3z.jpg
b9ca86f54b_banner-1-20240122030722-ehbby.jpg	https://w.ladicdn.com/s768x673/5eda6c604ca19469618d2934/banner-1-20240122030722-ehbby.jpg
189abb718c_banner-dang-ky-trang-chu-20240130131932--bqya.jpg	https://w.ladicdn.com/s800x500/5eda6c604ca19469618d2934/banner-dang-ky-trang-chu-20240130131932--bqya.jpg
814c529be8_truong-phong-vinaduy-1024x548-20240122074632-ddj_3.jpg	https://w.ladicdn.com/s850x600/5eda6c604ca19469618d2934/truong-phong-vinaduy-1024x548-20240122074632-ddj_3.jpg
b38cb9833a_vianduy-van-phong-lam-viec-1024x553-20240122074631-ppty5.jpg	https://w.ladicdn.com/s850x600/5eda6c604ca19469618d2934/vianduy-van-phong-lam-viec-1024x553-20240122074631-ppty5.jpg
b72fcd14d1_nen-4-20240123043136-tvymc.jpg	https://w.ladicdn.com/s900x600/5eda6c604ca19469618d2934/nen-4-20240123043136-tvymc.jpg
1a7a1bf3f5_173-son-pippon-wp-100-dai-dien.jpg	https://xaydungvinaduy.com/wp-content/uploads/2020/12/173-son-pippon-wp-100-dai-dien.jpg
5e94d50795_Gach-op-lat-nha-ve-sinh.jpg	https://xaydungvinaduy.com/wp-content/uploads/2020/12/Gach-op-lat-nha-ve-sinh.jpg
91e6ac9ea5_bao-gia-day-cap-dien-sino-2.jpg	https://xaydungvinaduy.com/wp-content/uploads/2020/12/bao-gia-day-cap-dien-sino-2.jpg
44b6e04e3a_be-tong-tuoi.jpg	https://xaydungvinaduy.com/wp-content/uploads/2020/12/be-tong-tuoi.jpg
e87251b06e_bo-voi-sen-tam-e1633447727232.jpg	https://xaydungvinaduy.com/wp-content/uploads/2020/12/bo-voi-sen-tam-e1633447727232.jpg
2fc7034406_bon-cau-viglacera1-e1633446917435.jpg	https://xaydungvinaduy.com/wp-content/uploads/2020/12/bon-cau-viglacera1-e1633446917435.jpg
a2fbb4be92_cach-dau-den-led-1m2.jpg	https://xaydungvinaduy.com/wp-content/uploads/2020/12/cach-dau-den-led-1m2.jpg
e448f73960_cat-vang.jpg	https://xaydungvinaduy.com/wp-content/uploads/2020/12/cat-vang.jpg
5d422e0269_ckeditor_2893685.jpg	https://xaydungvinaduy.com/wp-content/uploads/2020/12/ckeditor_2893685.jpg
234fe6afb0_cua-so-e1633453711773.jpg	https://xaydungvinaduy.com/wp-content/uploads/2020/12/cua-so-e1633453711773.jpg
e4a9a1fa0e_da-op-cau-thang-e1633448455184.jpg	https://xaydungvinaduy.com/wp-content/uploads/2020/12/da-op-cau-thang-e1633448455184.jpg
8614ee6c95_da1x2.webp	https://xaydungvinaduy.com/wp-content/uploads/2020/12/da1x2.webp
9b805d4f8d_gach-dac-3-cham.webp	https://xaydungvinaduy.com/wp-content/uploads/2020/12/gach-dac-3-cham.webp
cdf36f985e_gach-op-lat-e1633448032576.jpg	https://xaydungvinaduy.com/wp-content/uploads/2020/12/gach-op-lat-e1633448032576.jpg
ee5023d1ba_hinh-anh-mong-bang-4-nhadepktv-1-e1645194249459.jpg	https://xaydungvinaduy.com/wp-content/uploads/2020/12/hinh-anh-mong-bang-4-nhadepktv-1-e1645194249459.jpg
e936de3e99_lan-can-cau-thang-e1633453863684.jpg	https://xaydungvinaduy.com/wp-content/uploads/2020/12/lan-can-cau-thang-e1633453863684.jpg
5ea8fa9cf3_lavabo-e1633447457179.jpg	https://xaydungvinaduy.com/wp-content/uploads/2020/12/lavabo-e1633447457179.jpg
40c6827eb4_may-bom-nuoc-shining.jpg	https://xaydungvinaduy.com/wp-content/uploads/2020/12/may-bom-nuoc-shining.jpg
98c67538ee_o-cam-sino.jpg	https://xaydungvinaduy.com/wp-content/uploads/2020/12/o-cam-sino.jpg
542ead3847_quat-tran-panasonic-f-60mz2.jpg	https://xaydungvinaduy.com/wp-content/uploads/2020/12/quat-tran-panasonic-f-60mz2.jpg
b617bd5f66_sat-san-mai-e1633490269391-1024x684.jpg	https://xaydungvinaduy.com/wp-content/uploads/2020/12/sat-san-mai-e1633490269391-1024x684.jpg
a17c829758_sat-thep.jpg	https://xaydungvinaduy.com/wp-content/uploads/2020/12/sat-thep.jpg
24273d3c09_thep-dam-giao-nhau-e1633489881212.jpg	https://xaydungvinaduy.com/wp-content/uploads/2020/12/thep-dam-giao-nhau-e1633489881212.jpg
2707962fcc_vatex.jpg	https://xaydungvinaduy.com/wp-content/uploads/2020/12/vatex.jpg
69063d5e4b_xay-dung-vinaduy-3-768x1024-1.jpg	https://xaydungvinaduy.com/wp-content/uploads/2020/12/xay-dung-vinaduy-3-768x1024-1.jpg
0723943645_xi-mang-e1633446969513.jpg	https://xaydungvinaduy.com/wp-content/uploads/2020/12/xi-mang-e1633446969513.jpg
988eb15878_1-1.jpg	https://xaydungvinaduy.com/wp-content/uploads/2021/01/1-1.jpg
47ef33d868_14a.jpg	https://xaydungvinaduy.com/wp-content/uploads/2021/01/14a.jpg
504e916a6e_21-1-1-883x1024.jpg	https://xaydungvinaduy.com/wp-content/uploads/2021/01/21-1-1-883x1024.jpg
24ba31d476_27a.jpg	https://xaydungvinaduy.com/wp-content/uploads/2021/01/27a.jpg
cedb9f8c28_30-1-1-e1633457329462.jpg	https://xaydungvinaduy.com/wp-content/uploads/2021/01/30-1-1-e1633457329462.jpg
d80e037a0f_47a-e1633457163699.jpg	https://xaydungvinaduy.com/wp-content/uploads/2021/01/47a-e1633457163699.jpg
e5b34c11f8_55a-1-967x1024.jpg	https://xaydungvinaduy.com/wp-content/uploads/2021/01/55a-1-967x1024.jpg
85ec23131e_56a.jpg	https://xaydungvinaduy.com/wp-content/uploads/2021/01/56a.jpg
47c69044af_96-e1633457373613.jpg	https://xaydungvinaduy.com/wp-content/uploads/2021/01/96-e1633457373613.jpg
71742f6e2c_kien-truc-su-vinaduy-1024x545.jpg	https://xaydungvinaduy.com/wp-content/uploads/2021/11/kien-truc-su-vinaduy-1024x545.jpg
